Mean absolute node diff, 2.4805085222478485
Mean absolute bond diff, 2.821510941103673
Mean Hausdorff distance, 2.0482124361126504
Mean matching distance, 0.1916666287424812
Average missing atoms, 4.315973298031152
Average extra atoms, 2.0178013125651355
Total samples, 35554
Total nodes, 234874
Average graph size, 6.606120267761715
Largest graph size, 34
